{
        "model_info": {
                "architecture": "MLP_SwiGLU",
                "input_size": 3,
                "hidden_size": 50,
                "created": "2025-05-23T08:10:26.320685",
                "best_run": 911
        },
        "means": [
                1.495345,
                0.078585,
                25.150838
        ],
        "stdevs": [
                1.612555,
                0.591693,
                8.316525
        ],
        "fc1_weights": [
                [
                        0.52,
                        0.81,
                        -0.44,
                        0.84
                ],
                [
                        0.75,
                        0.52,
                        -0.99,
                        0.01
                ],
                [
                        -0.22,
                        0.24,
                        0.88,
                        -0.77
                ],
                [
                        0.62,
                        0.94,
                        -0.1,
                        0.92
                ],
                [
                        0.23,
                        -0.84,
                        -2.98,
                        0.6
                ],
                [
                        0.54,
                        -1.08,
                        -0.55,
                        -0.55
                ],
                [
                        -1.16,
                        -1.26,
                        0.89,
                        -1.11
                ],
                [
                        1.02,
                        0.07,
                        -2.16,
                        -0.34
                ],
                [
                        -0.04,
                        -0.93,
                        0.1,
                        -0.24
                ],
                [
                        1.46,
                        2.05,
                        2.55,
                        -3.66
                ],
                [
                        -1.76,
                        -1.5,
                        2.6,
                        -1.09
                ],
                [
                        -0.5,
                        -0.48,
                        0.35,
                        -0.85
                ],
                [
                        -0.74,
                        -1.31,
                        1.22,
                        0.1
                ],
                [
                        0.6,
                        0.48,
                        0.99,
                        0.62
                ],
                [
                        1.38,
                        0.69,
                        3.95,
                        1.18
                ],
                [
                        -0.7,
                        -0.72,
                        1.07,
                        0.34
                ],
                [
                        -0.25,
                        1.26,
                        -1.03,
                        0.52
                ],
                [
                        0.53,
                        0.58,
                        -0.66,
                        -0.49
                ],
                [
                        -1.7,
                        -0.96,
                        2.16,
                        -0.6
                ],
                [
                        -0.06,
                        0.7,
                        -3.08,
                        -1.27
                ],
                [
                        0.84,
                        0.58,
                        -0.57,
                        -0.19
                ],
                [
                        0.93,
                        0.81,
                        -2.08,
                        -0.01
                ],
                [
                        -1.56,
                        -1.38,
                        2.14,
                        0.1
                ],
                [
                        1.36,
                        -1.32,
                        3.13,
                        -3.4
                ],
                [
                        -1.29,
                        -1.27,
                        3.01,
                        -0.06
                ],
                [
                        -0.09,
                        1.9,
                        1.43,
                        -1.39
                ],
                [
                        0.81,
                        0.73,
                        -0.18,
                        0.31
                ],
                [
                        -1.28,
                        -1.24,
                        0.76,
                        0.29
                ],
                [
                        -2.5,
                        -0.52,
                        2.84,
                        -0.32
                ],
                [
                        -0.53,
                        0.05,
                        0.04,
                        0.37
                ],
                [
                        -0.63,
                        -1.15,
                        1.91,
                        0.81
                ],
                [
                        -0.27,
                        -1.01,
                        1.26,
                        -0.57
                ],
                [
                        -0.45,
                        -1.18,
                        2.47,
                        1.82
                ],
                [
                        -0.33,
                        -0.34,
                        0.07,
                        -0.18
                ],
                [
                        0.13,
                        -1.13,
                        -3.52,
                        -1.01
                ],
                [
                        0.99,
                        -1.25,
                        -2.95,
                        -0.61
                ],
                [
                        0.64,
                        0.16,
                        -0.24,
                        -0.52
                ],
                [
                        -0.83,
                        -0.77,
                        -2.98,
                        -4.0
                ],
                [
                        1.15,
                        0.46,
                        -2.57,
                        0.6
                ],
                [
                        -0.12,
                        -0.32,
                        -0.44,
                        -0.49
                ],
                [
                        -0.05,
                        -0.9,
                        1.42,
                        1.01
                ],
                [
                        1.39,
                        1.0,
                        -3.05,
                        -1.85
                ],
                [
                        -0.49,
                        -0.41,
                        0.06,
                        0.61
                ],
                [
                        1.04,
                        1.22,
                        -1.44,
                        -0.9
                ],
                [
                        -1.12,
                        -0.89,
                        2.94,
                        0.62
                ],
                [
                        -0.54,
                        -0.4,
                        -0.29,
                        -0.72
                ],
                [
                        -0.03,
                        -1.56,
                        -3.42,
                        -2.82
                ],
                [
                        0.46,
                        -0.36,
